Id,Area,1st sqft,2nd sqft,FullBath,HalfBath,Bedroom,SalePrice,Bedroom/Area
1,8450,856,854,2,1,3,208500,0.00035502958579881655
2,9600,1262,0,2,0,3,181500,0.0003125
3,11250,920,866,2,1,3,223500,0.0002666666666666667
4,9550,961,756,1,0,3,140000,0.00031413612565445024
5,14260,1145,1053,2,1,4,250000,0.00028050490883590464
6,14115,796,566,1,1,1,143000,7.084661707403471e-05
7,10084,1694,0,2,0,3,307000,0.00029750099166997223
8,10382,1107,983,2,1,3,200000,0.00028896166441918705
9,6120,1022,752,2,0,2,129900,0.000326797385620915
10,7420,1077,0,1,0,2,118000,0.00026954177897574127
11,11200,1040,0,1,0,3,129500,0.00026785714285714287
12,11924,1182,1142,3,0,4,345000,0.0003354579000335458
13,12968,912,0,1,0,2,144000,0.00015422578655151142
14,10652,1494,0,2,0,3,279500,0.0002816372512204281
15,10920,1253,0,1,1,2,157000,0.00018315018315018315
16,6120,854,0,1,0,2,132000,0.000326797385620915
17,11241,1004,0,1,0,2,149000,0.00017792011386887289
18,10791,1296,0,2,0,2,90000,0.0001853396348809193
19,13695,1114,0,1,1,3,159000,0.0002190580503833516
20,7560,1339,0,1,0,3,139000,0.0003968253968253968
21,14215,1158,1218,3,1,4,325300,0.00028139289482940555
22,7449,1108,0,1,0,3,139400,0.0004027386226339106
23,9742,1795,0,2,0,3,230000,0.0003079449804968179
24,4224,1060,0,1,0,3,129900,0.0007102272727272727
25,8246,1060,0,1,0,3,154000,0.0003638127577007034
26,14230,1600,0,2,0,3,256300,0.00021082220660576247
27,7200,900,0,1,0,3,134800,0.0004166666666666667
28,11478,1704,0,2,0,3,306000,0.00026136957658128593
29,16321,1600,0,1,0,2,207500,0.00012254151093682986
30,6324,520,0,1,0,1,68500,0.00015812776723592663
31,8500,649,668,1,0,3,40000,0.00035294117647058826
32,8544,1228,0,1,1,3,149350,0.00035112359550561797
33,11049,1234,0,2,0,3,179900,0.00027151778441487917
34,10552,1700,0,1,1,4,165500,0.0003790750568612585
35,7313,1561,0,2,0,2,277500,0.0002734855736359907
36,13418,1132,1320,3,1,4,309000,0.0002981070204203309
37,10859,1097,0,1,1,3,145000,0.0002762685330140897
38,8532,1297,0,1,0,3,153000,0.00035161744022503517
39,7922,1057,0,1,0,3,109000,0.0003786922494319616
40,6040,1152,0,2,0,2,82000,0.00033112582781456954
41,8658,1324,0,2,0,3,160000,0.0003465003465003465
42,16905,1328,0,1,1,2,170000,0.00011830819284235433
43,9180,884,0,1,0,2,144000,0.00021786492374727668
44,9200,938,0,1,0,3,130250,0.00032608695652173916
45,7945,1150,0,1,0,3,141000,0.0003775959723096287
46,7658,1752,0,2,0,2,319900,0.00026116479498563595
47,12822,1518,631,1,1,1,239686,7.799095304944626e-05
48,11096,1656,0,2,0,3,249700,0.00027036770007209804
49,4456,736,716,2,0,2,113000,0.0004488330341113106
50,7742,955,0,1,0,3,127000,0.00038749677086024286
51,13869,794,676,2,0,3,177000,0.00021630975556997622
52,6240,816,0,1,0,3,114500,0.0004807692307692308
53,8472,816,0,1,0,2,110000,0.00023607176581680832
54,50271,1842,0,0,1,0,385000,0.0
55,7134,1360,0,1,0,3,130000,0.00042052144659377626
56,10175,1425,0,2,0,3,180500,0.00029484029484029485
57,2645,983,756,2,1,3,172500,0.0011342155009451795
58,11645,860,860,2,1,3,196500,0.00025762129669386005
59,13682,1426,1519,3,1,3,438780,0.0002192661891536325
60,7200,780,0,1,0,2,124900,0.0002777777777777778
61,13072,1158,0,1,1,3,158000,0.0002294981640146879
62,7200,581,530,1,0,3,101000,0.0004166666666666667
63,6442,1370,0,2,0,2,202500,0.0003104625892579944
64,10300,902,808,2,0,3,140000,0.0002912621359223301
65,9375,1057,977,2,1,3,219500,0.00032
66,9591,1143,1330,2,1,4,317000,0.0004170576582212491
67,19900,2207,0,2,0,3,180000,0.00015075376884422112
68,10665,1479,0,2,0,3,226000,0.00028129395218002813
69,4608,747,0,1,0,2,80000,0.00043402777777777775
70,15593,1304,983,2,0,3,225000,0.00019239402295902008
71,13651,2223,0,2,0,3,244000,0.00021976411984470003
72,7599,845,0,1,0,2,129500,0.0002631925253322806
73,10141,885,833,2,1,3,185000,0.00029582881372645697
74,10200,1086,0,1,0,3,144900,0.0002941176470588235
75,5790,840,765,2,0,3,107400,0.0005181347150259067
76,1596,526,462,1,0,2,91000,0.0012531328320802004
77,8475,952,0,1,0,2,135750,0.00023598820058997051
78,8635,1072,213,1,0,2,127000,0.00023161551823972206
79,10778,1768,0,2,0,4,136500,0.00037112636852848393
80,10440,682,548,1,1,2,110000,0.00019157088122605365
81,13000,1182,960,2,1,4,193500,0.0003076923076923077
82,4500,1337,0,2,0,2,153500,0.00044444444444444447
83,10206,1563,0,2,0,3,245000,0.00029394473838918284
84,8892,1065,0,1,1,3,126500,0.00033738191632928474
85,8530,804,670,2,1,3,168500,0.00035169988276670573
86,16059,1301,1116,2,1,4,260000,0.00024908151192477737
87,11911,684,876,2,1,3,174000,0.00025186802115691377
88,3951,612,612,2,1,2,164500,0.0005062009617818274
89,8470,1013,0,1,0,2,85000,0.0002361275088547816
90,8070,990,0,1,0,3,123600,0.0003717472118959108
91,7200,1040,0,1,0,2,109900,0.0002777777777777778
92,8500,1235,0,1,0,2,98600,0.00023529411764705883
93,13360,964,0,1,0,2,163500,0.0001497005988023952
94,7200,1260,1031,2,0,4,133900,0.0005555555555555556
95,9337,905,881,2,1,3,204750,0.0003213023455071222
96,9765,680,790,2,1,3,185000,0.00030721966205837174
97,10264,1588,0,2,0,3,214000,0.00029228371005455964
98,10921,960,0,1,0,3,94750,0.00027470011903671826
99,10625,835,0,1,0,2,83000,0.00018823529411764707
100,9320,1225,0,1,1,3,128950,0.0003218884120171674
101,10603,1610,0,2,0,3,205000,0.00028293879090823354
102,9206,977,755,2,1,3,178000,0.000325874429719748
103,7018,1535,0,2,0,4,118964,0.0005699629524080935
104,10402,1226,0,2,0,3,198900,0.0002884060757546626
105,7758,1226,592,1,1,4,169500,0.0005155968032998196
106,9375,1053,939,2,1,3,250000,0.00032
107,10800,1047,0,1,0,2,100000,0.00018518518518518518
108,6000,789,0,1,0,2,115000,0.0003333333333333333
109,8500,997,520,2,0,3,115000,0.00035294117647058826
110,11751,1844,0,2,0,3,190000,0.0002552974214960429
111,9525,1216,639,2,0,4,136900,0.0004199475065616798
112,7750,774,656,2,1,3,180000,0.0003870967741935484
113,9965,1282,1414,2,1,4,383970,0.00040140491721023583
114,21000,2259,0,2,0,3,217000,0.00014285714285714287
115,7259,1436,884,2,1,3,259500,0.00041328006612481057
116,3230,729,729,2,1,2,176000,0.0006191950464396285
117,11616,1092,0,1,0,3,139000,0.00025826446280991736
118,8536,1125,0,1,1,2,155000,0.00023430178069353328
119,12376,1699,1523,3,0,5,320000,0.0004040077569489334
120,8461,728,728,2,1,3,163990,0.00035456801796477955
121,21453,988,0,1,0,1,180000,4.6613527245606674e-05
122,6060,772,351,1,0,3,100000,0.0004950495049504951
123,9464,1080,0,1,0,3,136000,0.00031699070160608623
124,7892,1199,0,2,0,2,153900,0.00025342118601115053
125,17043,1586,0,2,0,3,181000,0.0001760253476500616
126,6780,520,0,1,0,2,84500,0.0002949852507374631
127,4928,958,0,2,0,2,128000,0.00040584415584415587
128,4388,840,0,1,0,3,87000,0.0006836827711941659
129,7590,660,688,1,1,3,155000,0.0003952569169960474
130,8973,1053,0,1,1,3,150000,0.00033433634236041456
131,14200,1216,941,2,1,4,226000,0.00028169014084507044
132,12224,1022,1032,2,1,3,244000,0.00024541884816753925
133,7388,1327,0,1,0,3,150750,0.0004060638873849486
134,6853,1296,0,2,0,2,220000,0.00029184298847220193
135,10335,1721,0,2,1,3,180000,0.00029027576197387516
136,10400,1682,0,2,0,3,174000,0.0002884615384615385
137,10355,1214,0,2,0,3,143000,0.0002897151134717528
138,11070,1959,0,3,0,5,171000,0.00045167118337850043
139,9066,1004,848,2,1,3,230000,0.00033090668431502316
140,15426,928,836,2,1,3,231500,0.00019447685725398678
141,10500,864,0,1,0,3,115000,0.00028571428571428574
142,11645,1734,0,2,0,3,260000,0.00025762129669386005
143,8520,910,475,2,0,4,166000,0.00046948356807511736
144,10335,1501,0,2,0,3,204000,0.00029027576197387516
145,9100,1728,0,2,0,6,125000,0.0006593406593406593
146,2522,970,739,2,0,3,130000,0.0011895321173671688
147,6120,875,0,1,0,2,105000,0.000326797385620915
148,9505,884,1151,2,1,3,222500,0.0003156233561283535
149,7500,1080,0,1,0,3,141000,0.0004
150,6240,896,448,1,0,3,115000,0.0004807692307692308
151,10356,969,0,1,1,3,122000,0.00028968713789107763
152,13891,1710,0,2,0,2,372402,0.0001439781153264704
153,14803,1097,896,2,1,4,190000,0.0002702154968587449
154,13500,1252,0,1,0,1,235000,7.407407407407407e-05
155,11340,1200,0,1,0,4,125000,0.0003527336860670194
156,9600,572,524,1,0,2,79000,0.00020833333333333335
157,7200,1040,0,1,0,2,109500,0.0002777777777777778
158,12003,774,1194,2,1,4,269500,0.0003332500208281263
159,12552,991,956,2,1,3,254900,0.0002390057361376673
160,19378,1392,1070,2,1,4,320000,0.00020641965115078957
161,11120,1232,0,2,0,3,162500,0.0002697841726618705
162,13688,1572,1096,2,1,3,412500,0.00021917007597895967
163,12182,1541,0,2,0,3,220000,0.0002462649811196848
164,5500,882,0,1,0,1,103200,0.0001818181818181818
165,5400,1149,467,2,0,3,152000,0.0005555555555555556
166,10106,808,547,2,0,4,127500,0.00039580447259054025
167,10708,1867,0,1,0,2,190000,0.00018677624206200972
168,10562,1610,551,1,1,3,325624,0.0002840371141829199
169,8244,840,880,2,1,3,183500,0.000363901018922853
170,16669,1707,0,2,1,2,228000,0.00011998320235167077
171,12358,854,0,1,1,2,128500,0.0001618384851917786
172,31770,1656,0,1,0,3,215000,9.442870632672332e-05
173,5306,1064,703,2,0,2,239000,0.0003769317753486619
174,10197,1362,0,1,1,3,163000,0.0002942041776993233
175,12416,1651,0,2,0,3,184000,0.0002416237113402062
176,12615,2158,0,2,0,4,243000,0.0003170828378913991
177,10029,1164,896,2,1,4,211000,0.0003988433542726094
178,13650,1252,668,2,0,4,172500,0.00029304029304029304
179,17423,2234,0,2,0,1,501837,5.739539688916949e-05
180,8520,968,0,1,0,2,100000,0.00023474178403755868
181,2117,769,756,2,1,3,177000,0.0014170996693434106
182,7588,901,901,1,1,4,200100,0.0005271481286241434
183,9060,1340,0,1,0,3,120000,0.00033112582781456954
184,11426,1362,720,2,1,3,200000,0.00026255907579205323
185,7438,936,316,1,0,3,127000,0.00040333422963162143
186,22950,1518,1518,2,1,4,475000,0.00017429193899782134
187,9947,1217,0,2,0,3,173000,0.0003015984719010757
188,10410,808,704,2,1,3,135000,0.00028818443804034583
189,7018,1224,0,0,2,2,153337,0.00028498147620404675
190,4923,1593,0,1,1,0,286000,0.0
191,10570,1549,1178,2,1,3,315000,0.0002838221381267739
192,7472,725,754,1,1,4,184000,0.0005353319057815846
193,9017,1431,0,2,0,3,192000,0.0003327048907618942
194,2522,970,739,2,0,3,130000,0.0011895321173671688
195,7180,864,0,1,0,3,127000,0.00041782729805013927
196,2280,855,601,2,1,3,148500,0.0013157894736842105
197,9416,1726,0,2,0,3,311872,0.000318606627017842
198,25419,1360,1360,2,0,4,235000,0.00015736260277744994
199,5520,929,929,1,0,5,104000,0.0009057971014492754
200,9591,1713,0,2,0,3,274900,0.00031279324366593683
201,8546,1121,0,2,0,2,140000,0.0002340276152586005
202,10125,1279,0,2,0,3,171500,0.0002962962962962963
203,7000,865,445,2,0,2,112000,0.00028571428571428574
204,4438,848,0,1,0,1,149000,0.0002253267237494367
205,3500,720,564,1,1,2,110000,0.0005714285714285715
206,11851,1442,0,2,0,3,180500,0.0002531431946671167
207,13673,1696,0,1,1,3,143900,0.00021941051707745192
208,12493,1100,0,1,0,3,141000,0.00024013447530617146
209,14364,1180,882,2,1,3,277000,0.00020885547201336674
210,8250,1092,0,1,0,3,145000,0.0003636363636363636
211,5604,864,0,1,0,2,98000,0.00035688793718772306
212,10420,1212,0,2,0,3,186000,0.00028790786948176584
213,8640,932,920,2,1,3,252678,0.00034722222222222224
214,13568,990,0,1,0,3,156000,0.00022110849056603774
215,10900,689,703,1,1,3,161750,0.00027522935779816516
216,10011,1236,0,1,0,2,134450,0.0001997802417340925
217,8450,1436,0,2,0,3,210000,0.00035502958579881655
218,9906,810,518,1,0,3,107000,0.0003028467595396729
219,15660,1137,817,1,1,3,311500,0.00019157088122605365
220,3010,1248,0,2,0,2,167240,0.000664451827242525
221,8990,1498,0,2,0,2,204900,0.0002224694104560623
222,8068,1010,1257,2,1,4,200000,0.0004957858205255329
223,11475,811,741,2,1,3,179900,0.00026143790849673205
224,10500,864,0,1,0,2,97000,0.00019047619047619048
225,13472,2392,0,2,0,3,386250,0.00022268408551068885
226,1680,630,672,2,1,3,112000,0.0017857142857142857
227,9950,1214,1306,2,1,4,290000,0.0004020100502512563
228,1869,483,504,1,1,2,106000,0.001070090957731407
229,8521,912,0,1,0,3,125000,0.0003520713531275672
230,3182,1555,0,2,0,2,192500,0.0006285355122564425
231,8760,1194,0,1,0,3,148000,0.00034246575342465754
232,15138,1490,1304,2,1,4,403000,0.0002642356982428326
233,1680,483,504,1,1,2,94500,0.0011904761904761906
234,10650,894,0,1,0,3,128200,0.00028169014084507044
235,7851,860,1100,2,1,4,216500,0.0005094892370398676
236,1680,483,504,1,1,2,89500,0.0011904761904761906
237,8773,1414,0,2,0,3,185500,0.0003419582810897071
238,9453,1014,730,2,1,3,194500,0.00031735956839098697
239,12030,1694,0,2,0,3,318000,0.00024937655860349125
240,8741,798,689,1,1,3,113000,0.000343210159020707
241,9000,1566,0,2,0,3,262500,0.0003333333333333333
242,3880,866,0,1,0,2,110500,0.0005154639175257732
243,5000,889,551,1,0,3,79000,0.0006
244,10762,626,591,1,1,3,120000,0.0002787585950566809
245,8880,1222,888,2,1,3,205000,0.00033783783783783786
246,10400,1872,0,2,0,3,241500,0.0002884615384615385
247,9142,908,1020,2,0,4,137000,0.0004375410194705754
248,11310,1375,0,1,0,2,140000,0.00017683465959328028
249,11317,840,828,2,1,3,180000,0.0002650879208270743
250,159000,1444,700,2,0,4,277000,2.5157232704402517e-05
251,5350,1306,0,1,0,3,76500,0.0005607476635514019
252,4750,1625,0,2,0,2,235000,0.0004210526315789474
253,8366,798,842,2,1,3,173000,0.00035859431030360985
254,9350,1302,0,2,0,3,158000,0.00032085561497326203
255,8400,1314,0,1,0,3,145000,0.00035714285714285714
256,8738,1005,1286,2,1,4,230000,0.00045777065690089265
257,8791,864,864,2,1,3,207500,0.0003412581048799909
258,8814,1604,0,2,1,3,220000,0.0003403675970047651
259,12435,963,829,2,1,3,231500,0.00024125452352231604
260,12702,882,0,1,0,2,97000,0.0001574555188159345
261,19296,1382,0,1,0,3,176000,0.0001554726368159204
262,9588,1482,1092,2,1,3,276000,0.00031289111389236547
263,8471,1212,0,1,0,3,151000,0.00035414945106835086
264,5500,926,0,1,0,3,130000,0.0005454545454545455
265,5232,764,0,1,0,2,73000,0.00038226299694189603
266,12090,1422,0,2,0,3,175500,0.00024813895781637717
267,11207,802,709,2,1,3,185000,0.0002676898367091996
268,8400,1052,720,2,1,4,179500,0.0004761904761904762
269,6900,778,0,1,0,2,120500,0.0002898550724637681
270,7917,1113,0,1,1,3,148000,0.00037893141341417203
271,10728,1095,844,2,1,3,266000,0.0002796420581655481
272,39104,1363,0,1,0,2,241500,5.114566284779051e-05
273,11764,1164,1106,2,1,4,290000,0.00034002040122407346
274,9600,1632,0,2,0,3,139000,0.0003125
275,8314,816,0,1,0,2,124500,0.00024055809477988935
276,7264,952,596,2,1,3,205000,0.0004129955947136564
277,9196,1560,0,2,0,3,201000,0.00032622879512831667
278,19138,864,0,1,0,2,141000,0.00010450412791305256
279,14450,2121,0,2,1,3,415298,0.00020761245674740485
280,10005,1156,866,2,1,4,192000,0.000399800099950025
281,11287,1175,807,2,1,3,228500,0.0002657925046513688
282,7200,1262,0,2,0,2,185000,0.0002777777777777778
283,5063,1314,0,2,0,2,207500,0.00039502271380604387
284,9612,1468,0,2,0,3,244600,0.00031210986267166043
285,8012,1575,0,2,0,2,179200,0.00024962556165751375
286,4251,625,625,2,1,2,164700,0.0004704775346977182
287,9786,1085,649,1,1,3,159000,0.00030656039239730225
288,8125,858,0,1,0,3,88000,0.0003692307692307692
289,9819,900,0,1,0,3,122000,0.00030553009471432935
290,8730,698,698,1,0,3,153575,0.0003436426116838488
291,15611,1079,840,2,1,3,233230,0.0001921721862789059
292,5687,936,780,2,0,6,135900,0.0010550378055213644
293,11409,1148,568,1,1,3,131000,0.00026295030239284776
294,16659,1468,795,2,1,3,235000,0.00018008283810552856
295,9600,1644,0,1,0,3,167000,0.0003125
296,7937,1003,0,1,0,3,142500,0.00037797656545294193
297,13710,910,648,1,1,4,152000,0.00029175784099197665
298,7399,975,975,2,1,3,239000,0.0004054601973239627
299,11700,1041,702,1,2,3,175000,0.0002564102564102564
300,14000,1152,0,1,0,3,158500,0.00021428571428571427
301,15750,1336,0,1,0,2,157000,0.00012698412698412698
302,16226,1210,1242,2,1,4,267000,0.0002465179341797116
303,13704,1541,0,2,0,3,205000,0.00021891418563922942
304,9800,894,0,1,0,3,149900,0.0003061224489795918
305,18386,1675,1818,3,0,3,295000,0.00016316762754269552
306,10386,2000,0,2,0,3,305900,0.00028885037550548814
307,13474,1122,1121,2,1,4,225000,0.00029686804215526197
308,7920,1035,371,1,0,3,89500,0.0003787878787878788
309,12342,861,0,1,0,1,82500,8.102414519526819e-05
310,12378,1944,0,2,0,3,360000,0.0002423654871546292
311,7685,697,804,2,1,3,165600,0.0003903708523096942
312,8000,972,0,1,0,2,132000,0.00025
313,7800,793,325,1,0,3,119900,0.0003846153846153846
314,215245,2036,0,2,0,3,375000,1.3937605983878835e-05
315,9600,832,809,1,1,3,178000,0.0003125
316,7795,716,716,2,1,3,188500,0.0003848620910840282
317,13005,1153,1200,2,1,4,260000,0.00030757400999615535
318,9000,1088,871,2,1,3,270000,0.0003333333333333333
319,9900,1372,1274,2,1,4,260000,0.00040404040404040404
320,14115,1472,0,2,0,3,187500,0.00021253985122210415
321,16259,1249,1347,3,1,4,342643,0.0002460175902577034
322,12099,1136,1332,2,1,4,354000,0.00033060583519299114
323,10380,1553,1177,2,1,4,301000,0.0003853564547206166
324,5820,1163,0,1,0,3,126175,0.0005154639175257732
325,11275,1898,1080,2,1,5,242000,0.0004434589800443459
326,5000,803,0,1,0,2,87000,0.0004
327,10846,1719,0,1,1,1,324000,9.219988936013277e-05
328,11600,1383,0,1,1,3,145250,0.0002586206896551724
329,11888,1445,689,2,0,5,214500,0.0004205921938088829
330,6402,596,596,1,0,3,78000,0.00046860356138706655
331,10624,1728,0,2,0,6,119000,0.0005647590361445783
332,8176,1056,0,1,0,3,139000,0.0003669275929549902
333,10655,1629,0,2,0,3,284000,0.0002815579540122008
334,8198,1358,0,2,0,2,207000,0.00024396194193705782
335,9042,943,695,2,1,3,192000,0.00033178500331785003
336,164660,1619,167,2,0,3,228950,1.8219361107737157e-05
337,14157,1922,0,2,0,3,377426,0.00021190930281839374
338,9135,1536,0,2,0,3,214000,0.0003284072249589491
339,14145,1621,0,2,0,3,202500,0.00021208907741251324
340,12400,1215,0,1,0,3,155000,0.00024193548387096774
341,14191,993,915,2,1,4,202900,0.00028186879007821857
342,8400,841,0,1,0,2,82000,0.0002380952380952381
343,8544,1040,0,2,0,2,87500,0.00023408239700374532
344,8849,1684,0,2,0,2,266000,0.00022601423889705052
345,2592,536,576,1,1,3,85000,0.0011574074074074073
346,6435,972,605,1,0,3,140200,0.0004662004662004662
347,12772,958,0,1,0,2,151500,0.00015659254619480113
348,17600,1478,0,2,0,3,157500,0.00017045454545454547
349,2448,764,862,2,1,2,154000,0.0008169934640522876
350,20431,1848,880,2,1,4,437154,0.000195780921149234
351,7820,1869,0,2,0,2,318061,0.0002557544757033248
352,5271,1453,0,1,1,2,190000,0.00037943464238284955
353,9084,616,495,1,0,3,95000,0.00033025099075297226
354,8520,720,0,1,0,2,105900,0.00023474178403755868
355,8400,1192,403,1,0,2,140000,0.0002380952380952381
356,11249,1200,0,2,0,3,177500,0.00026669037247755356
357,9248,1167,0,2,0,3,173000,0.00032439446366782005
358,4224,1142,0,1,1,3,134000,0.0007102272727272727
359,6930,1352,0,1,0,3,130000,0.0004329004329004329
360,12011,1086,838,2,1,3,280000,0.0002497710432103905
361,7540,912,0,1,0,2,156000,0.0002652519893899204
362,9144,988,517,1,0,3,145000,0.00032808398950131233
363,7301,495,1427,3,0,4,198500,0.0005478701547733187
364,1680,483,504,1,1,2,118000,0.0011904761904761906
365,18800,790,784,2,1,3,190000,0.00015957446808510637
366,10690,672,672,1,0,3,147000,0.00028063610851262864
367,9500,1394,0,1,1,3,159000,0.00031578947368421053
368,9150,1431,0,1,0,3,165000,0.0003278688524590164
369,7800,1268,0,1,0,2,132000,0.0002564102564102564
370,9830,1287,0,1,0,3,162000,0.0003051881993896236
371,8121,953,711,2,1,3,172400,0.0003694126339120798
372,17120,1120,468,2,0,4,134432,0.00023364485981308412
373,7175,752,0,1,0,2,125000,0.00027874564459930314
374,10634,1319,0,1,0,3,123000,0.0002821139740455144
375,8200,847,1081,2,1,4,219500,0.0004878048780487805
376,10020,904,0,0,1,1,61000,9.98003992015968e-05
377,8846,914,0,1,0,2,148000,0.00022609088853719196
378,11143,1580,886,3,0,4,340000,0.0003589697567979898
379,11394,1856,0,1,1,1,394432,8.77654906090925e-05
380,8123,1007,793,2,1,3,179000,0.000369321679182568
381,5000,1026,665,2,0,3,127000,0.0006
382,7200,1301,0,2,0,2,187750,0.0002777777777777778
383,9245,939,858,2,1,3,213500,0.00032449972958355867
384,9000,784,0,1,0,2,76000,0.00022222222222222223
385,53107,1079,874,2,1,3,240000,5.648972828440695e-05
386,3182,1269,0,2,0,2,192000,0.0006285355122564425
387,8410,658,526,1,0,5,81000,0.0005945303210463733
388,7200,1125,0,1,0,3,125000,0.0004166666666666667
389,9382,1479,0,2,0,3,191000,0.0003197612449371136
390,12474,1742,590,2,1,3,426000,0.0002405002405002405
391,8405,961,406,1,0,4,119000,0.0004759071980963712
392,12209,804,1157,2,1,3,215000,0.00024572037021869115
393,8339,882,0,1,0,3,106500,0.0003597553663508814
394,7446,788,0,1,0,2,100000,0.00026860059092130003
395,10134,735,299,1,0,2,109000,0.00019735543714229328
396,9571,1144,0,1,0,3,129000,0.00031344687075540695
397,7200,894,0,1,0,2,123000,0.0002777777777777778
398,7590,876,936,2,0,4,169500,0.0005270092226613965
399,8967,1077,0,1,0,2,67000,0.0002230400356864057
400,8125,1112,438,2,0,2,241000,0.00024615384615384614
401,14963,1288,0,1,1,1,245500,6.683151774376797e-05
402,8767,1310,0,2,0,3,164990,0.0003421923120793886
403,10200,672,0,1,0,2,108000,0.000196078431372549
404,12090,1165,1098,2,1,4,258000,0.00033085194375516956
405,10364,806,766,2,1,3,168000,0.00028946352759552294
406,9991,1620,0,2,0,3,150000,0.000300270243218897
407,10480,1166,0,1,0,3,115000,0.00028625954198473283
408,15576,840,840,2,0,4,177000,0.00025680534155110427
409,14154,1071,1101,2,1,3,280000,0.000211954217888936
410,10800,1050,1028,2,1,3,339750,0.0002777777777777778
411,9571,1276,0,1,0,3,60000,0.00031344687075540695
412,34650,1056,0,1,0,3,145000,8.658008658008658e-05
413,4403,1478,0,2,1,2,222000,0.0004542357483533954
414,8960,1028,0,1,0,2,115000,0.0002232142857142857
415,11228,1080,1017,2,1,3,228000,0.00026718916993231207
416,8899,1340,0,2,0,3,181134,0.0003371165299471851
417,7844,672,728,1,1,3,149500,0.00038245792962774094
418,22420,1370,1254,2,1,4,239000,0.0001784121320249777
419,8160,756,378,1,1,3,126000,0.0003676470588235294
420,8450,1056,0,1,0,3,142000,0.00035502958579881655
421,7060,1344,0,2,0,2,206300,0.00028328611898016995
422,16635,1602,0,2,0,3,215000,0.00018034265103697024
423,21750,988,0,1,0,2,113000,9.195402298850575e-05
424,9200,1470,1160,2,1,4,315000,0.0004347826086956522
425,9000,1196,0,1,0,2,139000,0.00022222222222222223
426,3378,707,682,1,1,3,135000,0.0008880994671403197
427,12800,1644,0,2,0,2,275000,0.00015625
428,8593,907,0,1,0,3,109008,0.00034912137786570463
429,6762,1208,0,2,0,2,195400,0.0002957704821058858
430,11457,1412,0,2,0,3,175000,0.0002618486514794449
431,1680,483,504,1,1,2,85400,0.0011904761904761906
432,5586,1088,110,1,0,4,79900,0.0007160759040458289
433,1920,765,600,1,1,2,122500,0.0010416666666666667
434,10839,926,678,2,1,3,181000,0.0002767783005812344
435,1890,630,0,1,0,1,81000,0.0005291005291005291
436,10667,827,834,2,1,3,212000,0.0002812412112121496
437,4400,734,384,1,0,2,116000,0.00045454545454545455
438,6000,904,0,1,0,2,119000,0.0003333333333333333
439,4280,694,0,1,0,2,90350,0.00046728971962616824
440,12354,684,512,1,0,3,110000,0.00024283632831471587
441,15431,2402,0,2,0,2,555000,0.0001296092281770462
442,12108,1440,0,2,0,4,118000,0.0003303600925008259
443,6240,1128,445,2,0,3,162900,0.0004807692307692308
444,3922,1258,0,2,0,2,172500,0.0005099439061703213
445,8750,933,975,2,1,4,210000,0.00045714285714285713
446,9855,1689,0,1,0,3,127500,0.00030441400304414006
447,16492,1888,0,2,1,2,190000,0.00012127091923356779
448,11214,956,930,2,1,4,199900,0.0003566969859104691
449,8600,780,596,2,0,3,119500,0.0003488372093023256
450,6000,679,504,1,1,2,120000,0.0003333333333333333
451,5684,813,0,1,0,2,110000,0.0003518648838845883
452,70761,1533,0,2,0,2,280000,2.826415680954198e-05
453,9303,888,868,2,1,3,204000,0.0003224766204450177
454,9000,786,804,2,1,3,210000,0.0003333333333333333
455,9297,1728,0,2,0,4,188000,0.0004302463160159191
456,9600,1242,0,1,1,3,175500,0.0003125
457,4571,624,720,1,0,4,98000,0.0008750820389411508
458,53227,1663,0,1,0,2,256000,3.7574914986754844e-05
459,5100,833,833,1,0,3,161000,0.000588235294117647
460,7015,979,224,1,0,3,110000,0.00042765502494654313
461,8004,832,1103,2,1,3,263435,0.0003748125937031484
462,7200,575,560,1,0,3,155000,0.0004166666666666667
463,8281,864,0,1,0,3,62383,0.00036227508754981284
464,11988,849,811,1,1,3,188700,0.00025025025025025025
465,8430,1040,0,2,0,3,124000,0.00035587188612099647
466,3072,1414,0,2,0,2,178740,0.0006510416666666666
467,10628,1277,0,1,0,2,167000,0.0001881821603312006
468,9480,888,756,1,1,3,146500,0.00031645569620253165
469,11428,1634,0,2,0,3,250000,0.0002625131256562828
470,9291,832,878,2,1,3,187000,0.00032289312237649337
471,6820,1502,0,1,1,1,212000,0.0001466275659824047
472,11952,1161,808,2,1,3,190000,0.000251004016064257
473,3675,1072,0,1,0,2,148000,0.0005442176870748299
474,14977,1976,0,2,0,2,440000,0.00013353809174066904
475,5330,1652,0,2,0,2,251000,0.000375234521575985
476,8480,970,0,1,0,2,132500,0.0002358490566037736
477,13125,1493,0,2,0,3,208900,0.00022857142857142857
478,13693,2069,574,2,1,3,380000,0.00021909004600890967
479,10637,1718,0,2,0,3,297000,0.0002820344081978001
480,5925,1131,0,1,0,2,89471,0.00033755274261603374
481,16033,1850,0,2,0,3,326000,0.00018711407721574253
482,11846,1792,0,2,0,2,374000,0.00016883336147222692
483,2500,916,910,1,1,4,155000,0.0016
484,4500,1216,0,2,0,2,164000,0.00044444444444444447
485,7758,999,0,1,0,3,132500,0.0003866976024748647
486,9600,1113,0,1,0,3,147000,0.0003125
487,10289,1073,0,1,1,3,156000,0.00029157352512391874
488,12243,1484,0,2,0,3,175000,0.0002450379808870375
489,10800,1766,648,2,0,3,160000,0.0002777777777777778
490,1526,630,0,1,0,1,86000,0.000655307994757536
491,2665,616,688,1,1,3,115000,0.001125703564727955
492,9490,958,620,1,0,3,133000,0.0003161222339304531
493,15578,728,728,2,1,3,172785,0.00019257927846963666
494,7931,1269,0,1,1,3,155000,0.00037826251418484426
495,5784,886,0,1,0,2,91300,0.00034578146611341634
496,7879,720,0,1,0,2,34900,0.00025383931971062316
497,12692,3228,0,3,0,4,430000,0.0003151591553734636
498,9120,1133,687,2,0,4,184000,0.0004385964912280702
499,7800,899,0,1,0,3,130000,0.0003846153846153846
500,7535,912,0,1,0,2,120000,0.00026542800265428
501,1890,672,546,1,1,3,113000,0.0015873015873015873
502,9803,866,902,2,1,3,226700,0.0003060287667040702
503,9170,1214,0,1,0,2,140000,0.00021810250817884405
504,15602,1801,0,2,0,1,289000,6.409434687860531e-05
505,2308,855,467,2,1,3,147000,0.0012998266897746968
506,7596,960,1000,2,0,4,124500,0.000526592943654555
507,9554,1065,846,2,1,3,215000,0.0003140046054008792
508,7862,1218,0,2,0,2,208300,0.0002543881963876876
509,9600,689,689,2,0,3,161000,0.0003125
510,9600,1041,0,1,0,3,124500,0.0003125
511,14559,1363,0,1,0,2,164900,0.00013737207225771001
512,6792,1368,0,2,0,2,202665,0.0002944640753828033
513,9100,864,0,1,0,3,129900,0.00032967032967032967
514,9187,1080,0,1,1,3,134000,0.00032654838358550127
515,10594,789,0,1,0,2,96500,0.00018878610534264677
516,12220,2020,0,2,1,3,402861,0.0002454991816693944
517,10448,1378,741,2,1,3,158000,0.0002871362940275651
518,10208,1277,1067,2,1,3,265000,0.0002938871473354232
519,9531,882,914,2,1,3,211000,0.0003147623544224111
520,10918,1276,804,1,1,3,234000,0.0002747755999267265
521,10800,694,600,2,0,3,106250,0.0002777777777777778
522,11988,1244,0,1,1,3,150000,0.00025025025025025025
523,5000,1004,660,2,0,3,159000,0.0006
524,40094,3138,1538,3,1,3,184750,7.482416321644137e-05
525,11787,1383,1015,2,1,3,315750,0.00025451768897938407
526,7500,1266,0,2,0,3,176000,0.0004
527,13300,928,0,1,0,2,132000,0.00015037593984962405
528,14948,1476,1237,2,1,3,446261,0.0002006957452502007
529,9098,605,0,1,0,2,86000,0.00021982853374367993
530,32668,2515,0,3,0,4,200624,0.0001224439818782907
531,10200,1509,0,2,0,3,175000,0.0002941176470588235
532,6155,751,611,2,0,3,128000,0.00048740861088545896
533,7200,827,0,1,0,2,107500,0.0002777777777777778
534,5000,334,0,1,0,1,39300,0.0002
535,9056,707,707,2,1,3,178000,0.00033127208480565373
536,7000,820,527,1,0,3,107500,0.00042857142857142855
537,8924,880,844,2,1,3,188000,0.00033617212012550425
538,12735,864,0,1,0,3,111250,0.00023557126030624264
539,11553,1159,0,1,1,3,158000,0.00025967281225655674
540,11423,1601,0,2,0,3,272000,0.00026262803116519303
541,14601,1838,0,2,0,2,315000,0.00013697691938908293
542,11000,997,1288,2,1,4,248000,0.0003636363636363636
543,10140,1680,0,2,0,3,213250,0.0002958579881656805
544,4058,767,0,1,0,1,133000,0.0002464268112370626
545,17104,664,832,2,1,3,179665,0.00017539756782039288
546,13837,1377,806,2,1,4,229000,0.0002890800028908
547,8737,915,720,1,1,3,210000,0.00034336728854297816
548,7244,768,0,1,0,2,129500,0.0002760905577029266
549,8235,825,0,1,0,2,125000,0.00024286581663630845
550,9375,912,1182,2,1,4,263000,0.00042666666666666667
551,4043,1069,0,2,0,2,140000,0.0004946821667078902
552,6000,928,0,1,0,3,112500,0.0005
553,11146,1717,0,2,0,3,255500,0.0002691548537591961
554,8777,1126,0,2,0,2,108000,0.0002278682921271505
555,10625,1006,1040,2,1,3,284000,0.00028235294117647056
556,6380,1048,0,1,0,2,113000,0.00031347962382445143
557,14850,1092,0,1,0,2,141000,0.00013468013468013467
558,11040,897,439,1,1,3,108000,0.0002717391304347826
559,21872,729,717,2,1,3,175000,0.00013716166788588148
560,3196,1557,0,2,0,2,234000,0.0006257822277847309
561,11341,1392,0,1,1,3,121500,0.00026452693765981834
562,10010,1389,0,1,0,2,170000,0.0001998001998001998
563,13907,996,0,1,0,3,108000,0.00021571870281153377
564,21780,1163,511,2,0,4,185000,0.00018365472910927456
565,13346,1166,1129,2,1,4,268000,0.0002997152704930316
566,6858,841,806,1,1,4,128000,0.0005832604257801109
567,11198,1134,1370,2,1,4,325000,0.0003572066440435792
568,10171,1535,0,2,0,3,214000,0.00029495624815652346
569,12327,1496,636,1,1,1,316600,8.112273870365864e-05
570,7032,943,0,1,0,2,135960,0.0002844141069397042
571,13101,1728,0,2,0,6,142600,0.0004579803068468056
572,7332,864,0,1,0,2,120000,0.00027277686852154935
573,13159,846,846,2,1,3,224500,0.00022798084960863287
574,9967,774,656,2,1,3,170000,0.00030099327781679544
575,10500,576,533,1,0,3,139000,0.00028571428571428574
576,8480,832,384,1,0,2,118500,0.0002358490566037736
577,6292,877,600,2,0,3,145000,0.00047679593134138587
578,11777,1320,0,1,0,3,164500,0.0002547338031756814
579,3604,703,689,2,0,2,146000,0.0005549389567147614
580,12150,1050,745,2,0,4,131500,0.0003292181069958848
581,14585,1429,0,1,0,3,181900,0.00020569077819677752
582,12704,2042,0,2,1,3,253293,0.00023614609571788412
583,11841,816,0,1,0,3,118500,0.0002533569799847986
584,13500,1521,1254,3,1,3,325000,0.00022222222222222223
585,6120,989,584,1,0,3,133000,0.0004901960784313725
586,11443,2028,0,2,0,2,369900,0.00017477934108188413
587,10267,838,0,1,0,2,130000,0.00019479887016655303
588,8740,860,0,1,0,2,137000,0.0002288329519450801
589,25095,1473,0,1,0,1,143000,3.984857541342897e-05
590,9100,779,0,1,0,2,79500,0.00021978021978021978
591,8320,770,812,2,1,3,185900,0.0003605769230769231
592,13478,1728,568,2,1,3,451950,0.00022258495325715982
593,6600,816,0,1,0,2,138000,0.00030303030303030303
594,4435,848,0,1,0,1,140000,0.00022547914317925591
595,7990,924,0,1,0,3,110000,0.0003754693366708385
596,11302,1826,0,2,0,3,319000,0.00026543974517784463
597,3600,684,684,1,0,3,114504,0.0008333333333333334
598,3922,1402,0,0,2,2,194201,0.0005099439061703213
599,12984,1647,0,2,0,3,217500,0.0002310536044362292
600,1950,716,840,2,1,3,151000,0.0015384615384615385
601,10927,1058,846,2,1,3,275000,0.00027454928159604647
602,9000,780,595,1,1,3,141000,0.0003333333333333333
603,10041,927,988,2,1,3,220000,0.00029877502240812666
604,3182,600,600,2,1,2,151000,0.0006285355122564425
605,12803,1494,0,2,0,3,221000,0.00023432008123096148
606,13600,1186,800,2,1,3,205000,0.00022058823529411765
607,12464,1040,0,1,0,3,152000,0.00024069319640564828
608,7800,1112,896,3,0,3,225000,0.0003846153846153846
609,12168,1940,1254,2,1,4,359100,0.0003287310979618672
610,7943,1029,0,1,0,3,118500,0.0003776910487221453
611,11050,1476,677,2,1,3,313000,0.0002714932126696833
612,10395,1032,0,2,0,3,148000,0.0002886002886002886
613,11885,1299,573,2,1,3,261500,0.0002524190155658393
614,8402,1120,0,1,0,3,147000,0.00035705784337062603
615,1491,630,0,1,0,1,75500,0.0006706908115358819
616,8800,1054,0,1,0,3,137500,0.00034090909090909094
617,7861,807,702,2,1,3,183200,0.0003816308357715303
618,7227,832,0,1,0,2,105500,0.0002767400027674
619,11694,1828,0,2,0,3,314813,0.0002565418163160595
620,12244,1482,780,2,1,4,305000,0.0003266906239790918
621,8248,864,0,1,0,2,67000,0.00024248302618816683
622,10800,1548,1066,2,1,4,240000,0.00037037037037037035
623,7064,980,0,1,0,3,135000,0.0004246885617214043
624,2117,756,756,2,1,2,168500,0.000944733112895607
625,10400,1012,778,1,2,4,165150,0.0003846153846153846
626,10000,1116,0,1,1,3,160000,0.0003
627,12342,1422,0,1,0,3,139900,0.00024307243558580456
628,9600,1520,0,1,0,3,153000,0.0003125
629,11606,1040,1040,1,2,5,135000,0.00043081164914699296
630,9020,1350,0,1,1,3,168500,0.0003325942350332594
631,9000,1089,661,1,0,3,124000,0.0003333333333333333
632,4590,1554,0,2,0,2,209500,0.00043572984749455336
633,11900,1411,0,2,0,3,82500,0.00025210084033613445
634,9250,1056,0,1,0,3,139400,0.0003243243243243243
635,6979,1056,0,0,0,0,144000,0.0
636,10896,1440,1440,2,0,8,200000,0.0007342143906020558
637,6120,800,0,1,0,1,60000,0.0001633986928104575
638,6000,811,576,2,0,3,93000,0.0005
639,8777,796,0,1,0,2,85000,0.0002278682921271505
640,3982,1567,0,2,0,1,264561,0.00025113008538422905
641,12677,1518,0,1,1,1,274000,7.888301648655044e-05
642,7050,1057,872,2,1,3,226000,0.000425531914893617
643,13860,2000,704,2,1,4,345000,0.0002886002886002886
644,10793,780,840,2,1,4,152000,0.0003706105809320856
645,9187,1766,0,2,1,2,370878,0.00021769892239033417
646,10530,981,0,1,1,3,143250,0.0002849002849002849
647,7200,1048,0,1,0,3,98300,0.0004166666666666667
648,10452,1094,0,1,0,3,155000,0.0002870264064293915
649,7700,1051,788,1,1,4,155000,0.0005194805194805195
650,1936,630,0,1,0,1,84500,0.0005165289256198347
651,8125,822,843,2,1,3,205950,0.0003692307692307692
652,9084,755,755,1,0,4,108000,0.00044033465433729633
653,8750,909,807,2,1,2,191000,0.00022857142857142857
654,10320,756,713,1,0,3,135000,0.00029069767441860465
655,10437,2113,0,2,1,2,350000,0.00019162594615310913
656,1680,525,567,1,1,3,88000,0.0017857142857142857
657,10007,1053,0,1,1,3,145500,0.00029979014689717197
658,7200,851,651,1,1,3,149000,0.0004166666666666667
659,17503,912,546,1,0,3,97500,0.00017139918871050678
660,9937,1486,0,1,0,3,167000,0.000301901982489685
661,12384,1142,793,2,1,3,197900,0.00024224806201550387
662,46589,1686,762,2,1,4,402000,8.585717658674794e-05
663,13560,1392,0,1,0,2,110000,0.00014749262536873156
664,10012,1181,0,2,0,3,137500,0.0002996404314822213
665,20896,2097,0,1,1,1,423000,4.785604900459418e-05
666,11194,1454,482,2,1,3,230500,0.00026800071466857243
667,18450,1465,915,2,1,3,129000,0.00016260162601626016
668,8125,1679,0,2,0,3,193500,0.0003692307692307692
669,14175,1437,0,1,1,3,168000,0.00021164021164021165
670,11600,1180,0,1,0,2,137500,0.00017241379310344826
671,8633,738,738,2,1,3,173500,0.00034750376462411677
672,6629,697,672,2,0,3,103600,0.0004525569467491326
673,11250,1208,0,1,1,3,165000,0.0002666666666666667
674,14442,1839,0,2,0,3,257500,0.0002077274615704196
675,9200,1136,0,1,0,3,140000,0.00032608695652173916
676,2289,855,586,2,1,3,148500,0.001310615989515072
677,9600,1095,679,2,0,4,87000,0.0004166666666666667
678,9022,792,0,1,0,2,109500,0.00022168033695411216
679,11844,2046,0,2,1,3,372500,0.00025329280648429586
680,9945,988,0,1,0,3,128500,0.00030165912518853697
681,8012,923,0,2,0,2,143000,0.00024962556165751375
682,4500,848,672,1,0,3,159434,0.0006666666666666666
683,2887,1291,0,1,0,2,173000,0.0006927606511950121
684,11248,1668,0,2,0,3,285000,0.0002667140825035562
685,16770,1195,644,2,1,4,221000,0.0002385211687537269
686,5062,1190,900,2,0,3,207500,0.0005926511260371395
687,10207,874,887,3,0,3,227875,0.00029391594004114823
688,5105,551,551,2,1,2,148800,0.0003917727717923604
689,8089,1419,0,2,0,2,392000,0.0002472493509704537
690,7577,1362,0,2,0,2,194700,0.0002639567110993797
691,4426,848,0,1,0,1,141000,0.00022593764121102577
692,21535,2444,1872,3,1,4,755000,0.00018574413745066172
693,26178,1238,1281,2,1,4,335000,0.00015280006112002446
694,5400,1073,0,1,0,2,108480,0.00037037037037037035
695,6120,1067,472,1,1,3,141500,0.0004901960784313725
696,13811,1137,0,2,0,2,176000,0.00014481210629208602
697,6000,616,0,1,0,2,89000,0.0003333333333333333
698,6420,1148,0,1,0,2,123500,0.00031152647975077883
699,8450,894,0,1,0,3,138500,0.00035502958579881655
700,4282,1391,0,2,0,2,196000,0.00046707146193367583
701,14331,1800,0,2,0,3,312500,0.00020933640360058616
702,9600,1164,0,1,1,3,140000,0.0003125
703,12438,1264,1312,2,1,4,361919,0.00032159511175430133
704,7630,1032,780,2,0,4,140000,0.0005242463958060288
705,8400,1484,0,2,0,3,213000,0.00035714285714285714
706,5600,372,720,2,0,3,55000,0.0005357142857142857
707,115149,1824,0,2,0,2,302000,1.736880042379873e-05
708,6240,1324,0,2,0,2,254000,0.0003205128205128205
709,9018,728,728,2,1,3,179540,0.00033266799733865603
710,7162,904,0,1,0,3,109900,0.0004188774085450991
711,4130,729,0,1,0,2,52000,0.00048426150121065375
712,8712,859,319,1,0,2,102776,0.0002295684113865932
713,4671,1228,0,2,0,2,189000,0.00042817383857846286
714,9873,960,0,1,0,3,129000,0.00030385900941962927
715,13517,725,754,2,1,3,130500,0.00022194273877339647
716,10140,1350,0,2,0,3,165000,0.0002958579881656805
717,10800,1576,978,1,1,3,159500,0.0002777777777777778
718,10000,1178,0,1,1,3,157000,0.0003
719,10542,1325,1093,2,1,3,341000,0.0002845759817871372
720,9920,971,0,1,1,3,128500,0.0003024193548387097
721,6563,1742,0,2,0,2,275000,0.00030473868657626083
722,4426,848,0,1,0,1,143000,0.00022593764121102577
723,8120,864,0,1,0,3,124500,0.00036945812807881776
724,8172,997,473,2,0,4,135000,0.0004894762604013706
725,13286,1698,0,2,0,3,320000,0.00022580159566460935
726,6960,864,0,1,0,3,120500,0.0004310344827586207
727,21695,1680,0,2,0,3,222000,0.0001382807098409772
728,7314,1232,0,2,0,2,194500,0.00027344818156959256
729,11475,1776,0,2,0,4,110000,0.0003485838779956427
730,6240,848,0,1,0,2,103000,0.0003205128205128205
731,5389,1616,0,2,0,2,236500,0.00037112636852848393
732,9590,1146,0,2,0,3,187500,0.00031282586027111576
733,11404,1153,878,2,1,3,222500,0.0002630655910206945
734,10000,1144,0,1,0,3,131400,0.0003
735,8978,948,0,1,0,3,108000,0.00033415014479839606
736,10800,880,888,1,1,2,163000,0.00018518518518518518
737,8544,1040,0,2,0,2,93500,0.00023408239700374532
738,10463,901,900,2,1,3,239900,0.00028672464876230524
739,10800,1200,0,3,0,3,179000,0.0002777777777777778
740,9313,864,864,2,1,3,190000,0.0003221303554171588
741,9600,768,664,2,0,2,132000,0.00020833333333333335
742,6768,912,0,1,0,3,142000,0.0004432624113475177
743,8450,1349,0,2,0,3,179000,0.00035502958579881655
744,12886,1464,0,2,0,3,175000,0.00023281080242123234
745,5395,1337,0,2,0,2,180000,0.0003707136237256719
746,8963,1175,1540,3,1,4,299800,0.0004462791476068281
747,8795,980,1276,2,1,4,236000,0.00045480386583285955
748,11700,1320,1320,1,1,4,265979,0.0003418803418803419
749,10593,1720,0,2,0,3,260400,0.0002832058906825262
750,8405,1088,441,2,0,4,98000,0.0004759071980963712
751,8800,792,348,1,0,3,96500,0.00034090909090909094
752,7750,660,660,2,1,3,162000,0.0003870967741935484
753,9236,1494,0,2,0,3,217000,0.00032481593763534
754,10240,1038,1060,2,1,3,275500,0.00029296875
755,7930,1026,0,1,0,3,156000,0.00037831021437578815
756,3230,742,729,2,1,3,172500,0.0009287925696594427
757,10769,866,902,2,1,3,212000,0.00027857739808710187
758,11616,672,714,2,1,3,158900,0.00025826446280991736
759,2280,757,744,2,1,3,179400,0.0013157894736842105
760,12257,1328,1203,2,1,4,290000,0.0003263441298849637
761,9100,864,0,1,0,2,127500,0.00021978021978021978
762,6911,1301,0,1,0,2,100000,0.0002893937201562726
763,8640,764,783,2,1,3,215200,0.00034722222222222224
764,9430,1268,1097,2,1,3,337000,0.0003181336161187699
765,9549,1494,0,1,1,2,270000,0.00020944601528955913
766,14587,1506,0,2,0,2,264132,0.00013710838417769247
767,10421,980,734,2,1,3,196500,0.0002878802418194031
768,12508,983,767,2,0,4,160000,0.0003197953309881676
769,9100,1836,0,2,0,3,216837,0.00032967032967032967
770,53504,1690,1589,3,1,4,538000,7.476076555023923e-05
771,7252,858,0,1,0,2,134900,0.0002757859900717044
772,8877,1220,0,1,0,2,102000,0.00022530134054297624
773,7819,1117,0,1,0,3,107000,0.0003836807775930426
774,10150,912,0,1,0,2,114500,0.00019704433497536947
775,14226,1973,0,2,0,3,395000,0.00021088148460565162
776,4500,1204,0,2,0,2,162000,0.00044444444444444447
777,11210,1614,0,2,0,3,221500,0.00026761819803746654
778,13350,894,0,1,0,3,142500,0.00022471910112359551
779,8400,2020,0,2,0,4,144000,0.0004761904761904762
780,10530,1004,0,1,0,2,135000,0.0001899335232668566
781,7875,1253,0,2,0,3,176000,0.00038095238095238096
782,7153,810,793,2,1,3,175900,0.00041940444568712426
783,16285,1430,0,2,0,3,187100,0.000184218606079214
784,9101,1110,0,1,0,1,165500,0.0001098780353807274
785,6300,742,742,2,0,3,128000,0.0004761904761904762
786,9790,1342,0,2,0,3,161500,0.00030643513789581204
787,10800,966,686,2,0,4,139000,0.00037037037037037035
788,10142,956,1128,2,1,4,233000,0.00039439952672056796
789,6000,901,0,1,0,2,107900,0.0003333333333333333
790,12205,976,1111,2,1,5,187500,0.00040966816878328555
791,3182,1145,0,2,0,2,160200,0.0006285355122564425
792,11333,1062,0,1,0,3,146800,0.00026471366804906027
793,9920,1127,886,2,1,3,269790,0.0003024193548387097
794,9158,1496,0,2,0,3,225000,0.00032758244158113123
795,10832,1086,809,2,1,3,194500,0.0002769571639586411
796,8400,888,676,2,1,3,171000,0.00035714285714285714
797,8197,1285,0,1,1,3,143500,0.0003659875564230816
798,7677,773,0,1,0,2,110000,0.0002605184316790413
799,13518,1966,1174,3,1,4,485000,0.00029590176061547566
800,7200,981,787,1,1,3,175000,0.0004166666666666667
801,12798,616,1072,2,1,4,200000,0.0003125488357555868
802,4800,1196,0,1,0,2,109900,0.0004166666666666667
803,8199,728,728,2,1,3,189000,0.00036589828027808267
804,13891,1734,1088,3,1,4,582933,0.0002879562306529408
805,9000,1128,0,1,0,2,118000,0.00022222222222222223
806,12274,1428,0,2,0,3,227680,0.00024441909727880074
807,9750,980,0,2,0,3,135500,0.0003076923076923077
808,21384,1072,504,1,1,3,223500,0.00014029180695847364
809,13400,1086,0,1,0,3,159950,0.00022388059701492538
810,8100,1075,1063,2,0,2,106000,0.0002469135802469136
811,10140,1309,0,1,1,3,181000,0.0002958579881656805
812,4438,848,0,1,0,1,144500,0.0002253267237494367
813,8712,1044,0,1,0,2,55993,0.0002295684113865932
814,9750,1442,0,1,1,4,157900,0.00041025641025641023
815,8248,686,564,1,1,3,116000,0.00036372453928225026
816,12137,1661,0,2,0,3,224900,0.0002471780505891077
817,11425,1008,0,1,0,2,137000,0.000175054704595186
818,13265,1689,0,2,0,3,271000,0.00022615906520919715
819,8816,1052,0,1,0,3,155000,0.00034029038112522685
820,6371,1358,0,2,0,2,224000,0.0003139224611520954
821,7226,798,842,2,1,3,183000,0.00041516745087185166
822,6000,936,0,1,0,2,93000,0.0003333333333333333
823,12394,847,886,2,1,3,225000,0.00024205260609972567
824,9900,944,545,2,0,3,139500,0.00030303030303030303
825,11216,1489,0,2,0,3,232600,0.0002674750356633381
826,14803,2084,0,2,0,2,385000,0.00013510774842937244
827,6130,784,0,1,0,2,109500,0.0003262642740619902
828,8529,1434,0,2,0,3,189000,0.00035174111853675694
829,28698,1160,966,2,1,3,185000,0.00010453690152623876
830,2544,520,623,2,1,2,147400,0.0007861635220125787
831,11900,1392,0,1,1,3,166000,0.00025210084033613445
832,3180,520,600,2,1,2,151000,0.0006289308176100629
833,9548,941,888,2,1,3,237000,0.0003142019271051529
834,10004,1516,0,1,1,3,167000,0.0002998800479808077
835,7875,1144,0,1,0,3,139950,0.00038095238095238096
836,9600,1067,0,2,0,2,128000,0.00020833333333333335
837,8100,1559,0,1,0,2,153500,0.0002469135802469136
838,1680,483,504,1,1,2,100000,0.0011904761904761906
839,9525,1099,0,1,1,3,144000,0.00031496062992125983
840,11767,768,432,1,0,3,130500,0.00025495028469448456
841,12155,810,672,2,0,4,140000,0.00032908268202385847
842,10440,958,581,2,0,3,157500,0.00028735632183908046
843,9020,1165,0,1,1,3,174900,0.0003325942350332594
844,8000,1800,0,2,0,6,141000,0.00075
845,12665,876,540,1,1,4,153900,0.0003158310303987367
846,16647,1701,0,2,0,3,171000,0.00018021265092809516
847,9317,1006,769,2,1,3,213000,0.0003219920575292476
848,15523,864,0,1,0,3,133500,0.00019326161180184241
849,45600,1307,1051,3,0,5,240000,0.00010964912280701755
850,9600,1094,761,2,1,3,187000,0.0003125
851,4435,848,0,1,0,1,131500,0.00022547914317925591
852,3196,1456,0,2,0,2,215000,0.0006257822277847309
853,7128,918,728,2,0,4,164000,0.0005611672278338945
854,12095,1445,0,1,1,3,158000,0.0002480363786688714
855,17920,1779,0,1,1,3,170000,0.0001674107142857143
856,6897,1040,0,1,1,3,127000,0.00043497172683775554
857,10970,1026,0,1,0,3,147000,0.00027347310847766635
858,8125,702,779,2,1,3,174000,0.0003692307692307692
859,10400,1370,0,2,0,3,152000,0.0002884615384615385
860,11029,1512,1142,2,1,4,250000,0.00036268020672771783
861,7642,912,514,1,1,3,189950,0.0003925673907354096
862,11625,1039,0,1,1,3,131500,0.00025806451612903227
863,9672,1097,0,2,0,3,152000,0.00031017369727047146
864,7931,1148,0,1,0,3,132500,0.00037826251418484426
865,8640,1372,0,2,0,3,250580,0.00034722222222222224
866,8750,1002,0,1,0,3,148500,0.00034285714285714285
867,10656,1646,0,2,0,3,248900,0.00028153153153153153
868,6970,1120,0,1,1,3,129000,0.000430416068866571
869,14762,1547,720,2,0,2,169000,0.00013548299688389108
870,9938,1062,887,2,1,3,236000,0.00030187160394445564
871,6600,894,0,1,0,2,109500,0.00030303030303030303
872,8750,804,878,2,1,3,200500,0.00034285714285714285
873,8892,910,0,1,0,3,116000,0.00033738191632928474
874,12144,1036,0,1,0,3,133000,0.00024703557312252963
875,5720,676,455,1,1,3,66500,0.0005244755244755245
876,9000,1184,1426,2,1,4,303477,0.00044444444444444447
877,25286,1040,0,1,0,3,132250,0.00011864272720082258
878,8834,1462,762,2,1,4,350000,0.0004527960153950645
879,11782,1155,0,1,0,3,148000,0.00025462570022067563
880,7000,864,0,1,0,3,136500,0.00042857142857142855
881,7024,1090,0,1,1,2,157000,0.0002847380410022779
882,13758,1187,530,2,1,3,187500,0.00021805494984736154
883,9636,808,785,2,1,3,178000,0.00031133250311332503
884,6204,954,795,1,0,5,118500,0.0008059316569954867
885,7150,892,0,1,0,3,100000,0.0004195804195804196
886,5119,1709,0,2,0,2,328900,0.0003907013088493846
887,8393,1712,0,2,0,4,145000,0.0004765876325509353
888,16466,872,521,1,1,3,135500,0.00018219361107737155
889,15865,2217,0,2,0,4,268000,0.0002521273242987709
890,12160,1505,0,1,0,2,149500,0.0001644736842105263
891,8064,672,252,1,0,3,122900,0.0003720238095238095
892,11184,918,765,2,1,3,172500,0.0002682403433476395
893,8414,1068,0,1,0,3,154500,0.0003565486094604231
894,13284,1383,0,1,0,3,165000,0.00022583559168925022
895,7018,1535,0,2,0,4,118858,0.0005699629524080935
896,7056,983,813,1,1,4,140000,0.0005668934240362812
897,8765,951,0,1,0,2,106500,0.00022818026240730178
898,7018,1120,1120,2,0,6,142953,0.0008549444286121402
899,12919,2364,0,2,1,2,611657,0.00015481074386562428
900,6993,1236,0,1,0,3,135000,0.000429000429000429
901,7340,858,0,1,0,2,110000,0.00027247956403269756
902,8712,1306,0,1,0,2,153000,0.0002295684113865932
903,7875,807,702,2,1,3,180000,0.00038095238095238096
904,14859,1670,0,2,0,3,240000,0.0002018978396931153
905,6173,902,0,1,0,3,125500,0.0004859873643285275
906,9920,1063,0,1,0,3,128000,0.0003024193548387097
907,13501,1636,0,2,0,3,255000,0.00022220576253610843
908,11500,1020,1037,1,1,3,250000,0.0002608695652173913
909,8885,902,0,1,0,2,131000,0.00022509848058525604
910,12589,742,742,2,1,3,174000,0.00023830328064183018
911,11600,1105,1169,2,0,5,154300,0.0004310344827586207
912,9286,1268,0,1,1,3,143500,0.00032306698255438296
913,6120,1015,0,1,0,3,88000,0.0004901960784313725
914,6270,1001,1001,2,0,4,145000,0.0006379585326953748
915,3000,612,612,2,1,2,173733,0.0006666666666666666
916,2001,546,546,1,1,3,75000,0.0014992503748125937
917,9000,480,0,0,0,1,35311,0.00011111111111111112
918,17140,1229,0,1,0,3,135000,0.0001750291715285881
919,13125,912,1215,2,1,4,238000,0.00030476190476190474
920,11029,1414,0,1,0,3,176500,0.0002720101550457884
921,8462,936,785,2,1,3,201000,0.0003545261167572678
922,8777,1272,928,2,2,4,145900,0.000455736584254301
923,10237,1316,0,2,0,3,169990,0.00029305460584155515
924,8012,1617,0,2,0,2,193000,0.00024962556165751375
925,10240,1686,0,2,0,3,207500,0.00029296875
926,15611,1126,0,2,0,3,175000,0.0001921721862789059
927,11999,1234,1140,2,1,4,285000,0.0003333611134261188
928,9900,1098,880,2,1,4,176000,0.00040404040404040404
929,11838,1788,0,2,0,3,236500,0.00025342118601115053
930,13006,993,1243,2,1,4,222000,0.00030755036137167463
931,8925,1466,0,2,0,3,201000,0.0003361344537815126
932,9100,925,0,1,0,2,117500,0.00021978021978021978
933,11670,1905,0,2,0,3,320000,0.0002570694087403599
934,8487,1500,0,2,0,3,190000,0.0003534817956875221
935,27650,2069,0,2,0,4,242000,0.00014466546112115733
936,5825,747,0,1,0,1,79900,0.00017167381974248928
937,10083,1200,0,2,0,2,184900,0.00019835366458395318
938,9675,1113,858,2,1,3,253000,0.000310077519379845
939,8760,1391,571,2,1,3,239799,0.00034246575342465754
940,24090,1207,1196,2,0,4,244400,0.00016604400166044003
941,12640,1728,0,2,0,4,150900,0.00031645569620253165
942,8755,1022,1038,2,1,3,214000,0.0003426613363792119
943,7711,1440,0,2,0,4,150000,0.0005187394631046557
944,25000,1632,0,2,0,4,143000,0.00016
945,14375,1344,0,1,0,3,137500,0.00020869565217391305
946,8820,1188,561,1,0,2,124900,0.00022675736961451248
947,8163,1144,0,1,0,3,143000,0.0003675119441381845
948,14536,1629,0,2,0,3,270000,0.00020638414969730324
949,14006,936,840,2,1,3,192500,0.00021419391689276026
950,9360,1381,0,1,1,3,197500,0.0003205128205128205
951,7200,864,0,1,0,3,129000,0.0004166666666666667
952,7800,965,0,1,0,3,119900,0.0003846153846153846
953,7200,768,0,1,0,2,133900,0.0002777777777777778
954,11075,1168,800,2,1,4,172000,0.00036117381489841985
955,9400,980,0,2,0,4,127500,0.000425531914893617
956,7136,979,979,2,0,4,145000,0.0005605381165919282
957,1300,561,668,1,1,2,124000,0.0015384615384615385
958,7420,1057,0,1,0,3,132000,0.00040431266846361187
959,8450,1337,0,2,0,3,185000,0.00035502958579881655
960,2572,696,720,2,1,3,155000,0.0011664074650077762
961,7207,858,0,1,0,2,116500,0.0002775079783543777
962,12227,1542,1330,2,1,4,272000,0.0003271448433794062
963,2308,804,744,2,1,3,155000,0.0012998266897746968
964,11923,1800,0,2,0,2,239000,0.00016774301769688837
965,11316,824,1070,2,1,4,214900,0.0003534817956875221
966,10237,783,701,2,1,3,178900,0.00029305460584155515
967,9600,976,332,1,1,2,160000,0.00020833333333333335
968,7390,1098,0,1,0,3,135000,0.00040595399188092014
969,5925,600,368,1,0,2,37900,0.00033755274261603374
970,10382,1095,0,1,0,2,140000,0.00019264110961279138
971,10800,720,472,1,1,4,135000,0.00037037037037037035
972,2268,764,862,2,0,2,173000,0.0008818342151675485
973,7892,918,0,2,0,2,99500,0.00025342118601115053
974,11639,1428,0,2,0,3,182000,0.00025775410258613285
975,11414,1136,883,1,0,3,167500,0.00026283511477133344
976,2651,673,709,2,1,3,165000,0.001131648434552999
977,5900,869,0,1,0,2,85500,0.00033898305084745765
978,4274,1241,0,1,1,1,199900,0.0002339728591483388
979,9450,894,0,1,0,3,110000,0.00031746031746031746
980,8816,1121,0,1,0,3,139000,0.00034029038112522685
981,12122,999,0,1,0,3,178400,0.0002474839135456195
982,12203,1276,1336,2,1,4,336000,0.00032778824879128084
983,3182,1266,0,2,0,2,159895,0.0006285355122564425
984,11250,1149,1141,2,1,4,255900,0.00035555555555555557
985,10125,1302,432,2,0,4,126000,0.0003950617283950617
986,10880,1164,0,1,0,3,125000,0.00027573529411764705
987,5310,1001,634,1,0,2,117000,0.0003766478342749529
988,10159,1940,0,2,1,3,395192,0.0002953046559700758
989,12046,1118,912,2,1,4,195000,0.00033206043499916984
990,8125,778,798,2,1,3,197000,0.0003692307692307692
991,9452,1407,985,2,1,3,348000,0.00031739314430808297
992,17671,916,826,1,1,4,168000,0.00022635957218040858
993,9760,1020,831,2,1,3,187000,0.0003073770491803279
994,8846,750,750,2,1,3,173900,0.00033913633280578795
995,12456,1718,0,2,0,3,337500,0.00024084778420038535
996,4712,774,456,1,1,3,121600,0.0006366723259762309
997,10659,1050,0,1,0,3,136500,0.00028145229383619476
998,11717,1442,0,2,0,2,185000,0.00017069215669539986
999,9786,1077,0,1,0,3,91000,0.00030656039239730225
1000,6762,1208,0,2,0,2,206000,0.0002957704821058858
1001,10206,944,0,1,0,2,82000,0.0001959631589261219
1002,5400,691,0,1,0,2,86000,0.00037037037037037035
1003,11957,1574,0,2,0,3,232000,0.000250899054946893
1004,11500,1680,0,2,0,4,136905,0.00034782608695652176
1005,3182,1504,0,2,0,1,181000,0.00031426775612822125
1006,8385,985,0,2,0,3,149900,0.00035778175313059033
1007,12155,1657,0,2,0,3,163500,0.00024681201151789385
1008,2217,546,546,1,1,3,88000,0.0013531799729364006
1009,12118,1710,0,2,0,3,240000,0.0002475656048852946
1010,6000,1008,0,2,0,4,102000,0.0006666666666666666
1011,21286,720,551,2,0,4,135000,0.0001879169407122052
1012,9825,1664,0,2,0,4,100000,0.0004071246819338422
1013,10592,900,602,1,1,3,165000,0.00028323262839879157
1014,7200,1022,0,1,0,2,85000,0.0002777777777777778
1015,11664,1082,0,1,0,2,119200,0.00017146776406035664
1016,8400,810,855,2,1,3,227000,0.00035714285714285714
1017,11883,1504,0,2,0,3,203000,0.00025246149962130775
1018,5814,1360,0,1,0,1,187500,0.0001719986240110079
1019,10784,802,670,2,1,3,160000,0.0002781899109792285
1020,3013,1506,0,2,0,2,213490,0.0006637902422834385
1021,7024,1132,0,1,1,2,176000,0.0002847380410022779
1022,7406,1220,0,2,0,2,194000,0.00027005130974885227
1023,9439,912,336,1,0,2,87000,0.00021188685242080728
1024,3182,1504,0,2,0,2,191000,0.0006285355122564425
1025,15498,2898,0,2,0,2,287000,0.0001290489095367144
1026,7700,882,0,1,0,3,112500,0.0003896103896103896
1027,9300,1264,0,1,0,3,167500,0.0003225806451612903
1028,9520,1646,0,2,0,3,293077,0.0003151260504201681
1029,9492,968,408,1,0,3,105000,0.0003160556257901391
1030,1680,672,546,1,1,3,118000,0.0017857142857142857
1031,7082,948,980,2,0,5,160000,0.0007060152499293985
1032,15863,1687,998,2,1,5,197000,0.00031519889049990546
1033,14541,1352,1168,2,1,5,310000,0.00034385530568736676
1034,8125,1654,0,2,0,3,230000,0.0003692307692307692
1035,6305,954,0,1,0,2,119750,0.00031720856463124506
1036,11500,845,0,1,0,3,84000,0.0002608695652173913
1037,12898,1620,0,2,0,2,315500,0.00015506280043417584
1038,9240,1055,1208,2,1,3,287000,0.0003246753246753247
1039,1533,798,546,1,1,3,97000,0.0019569471624266144
1040,1477,630,0,1,0,1,80000,0.0006770480704129993
1041,13125,1803,0,2,0,3,155000,0.00022857142857142857
1042,9130,800,832,1,1,4,173000,0.0004381161007667032
1043,5381,1306,0,2,0,1,196000,0.00018583906337112061
1044,11839,1532,797,2,1,4,262280,0.00033786637384914265
1045,9600,2524,0,2,1,4,278000,0.0004166666666666667
1046,13680,1733,0,2,0,4,139600,0.00029239766081871346
1047,16056,1992,876,3,1,4,556581,0.00024912805181863477
1048,9245,990,0,1,0,3,145000,0.00032449972958355867
1049,21750,1771,0,1,0,3,115000,0.00013793103448275863
1050,11100,930,0,1,0,2,84900,0.00018018018018018018
1051,8993,1302,0,2,0,3,176485,0.0003335927943956411
1052,11175,1316,0,2,0,3,200141,0.00026845637583892615
1053,9500,1127,850,1,1,4,165000,0.0004210526315789474
1054,8562,1526,0,1,0,4,144500,0.000467180565288484
1055,11367,1091,898,2,1,3,255000,0.0002639218791237794
1056,11361,1523,0,2,0,3,180000,0.0002640612622128334
1057,7052,1364,0,2,0,2,185850,0.0002836074872376631
1058,29959,979,871,2,1,3,248000,0.00010013685370005675
1059,11308,1130,1054,2,1,3,335000,0.0002652989034311992
1060,11275,1096,895,1,1,3,220000,0.00026607538802660754
1061,4920,1338,0,2,0,2,213500,0.0004065040650406504
1062,18000,894,0,1,0,2,81000,0.00011111111111111112
1063,13600,1422,915,2,0,5,90000,0.0003676470588235294
1064,6000,1103,0,1,0,2,110500,0.0003333333333333333
1065,11000,1154,0,1,1,3,154000,0.00027272727272727274
1066,14000,1306,954,2,1,3,328000,0.00021428571428571427
1067,7837,799,772,2,1,3,178000,0.0003827995406405512
1068,9760,798,813,1,1,4,167900,0.0004098360655737705
1069,3964,1291,1230,2,1,5,151400,0.0012613521695257316
1070,9600,893,0,1,0,2,135000,0.00020833333333333335
1071,10152,1048,0,1,0,3,135000,0.0002955082742316785
1072,11700,829,727,1,1,4,154000,0.0003418803418803419
1073,7585,1002,454,1,0,4,91500,0.0005273566249176005
1074,7950,698,728,1,1,3,159500,0.0003773584905660377
1075,8556,1240,0,2,0,2,194000,0.0002337540906965872
1076,13125,960,780,1,1,3,219500,0.00022857142857142857
1077,10800,1096,370,2,0,3,170000,0.0002777777777777778
1078,15870,1096,0,1,0,3,138800,0.0001890359168241966
1079,4435,848,0,1,0,1,155900,0.00022547914317925591
1080,8775,990,0,1,0,3,126000,0.0003418803418803419
1081,11040,1258,0,2,0,3,145000,0.0002717391304347826
1082,7500,1040,0,1,1,3,133000,0.0004
1083,8749,1459,0,2,0,3,192000,0.0003428963310092582
1084,8800,1251,0,1,0,3,160000,0.00034090909090909094
1085,13031,691,807,2,1,3,187500,0.00023022024403345867
1086,9069,996,0,1,0,2,147000,0.00022053148086889404
1087,1974,546,546,1,1,3,83500,0.001519756838905775
1088,10574,1082,871,2,1,3,252000,0.00028371477208246644
1089,2522,970,739,2,0,3,137500,0.0011895321173671688
1090,3316,1247,0,1,1,1,197000,0.00030156815440289503
1091,8544,1040,0,2,0,2,92900,0.00023408239700374532
1092,2160,624,628,2,1,2,160000,0.000925925925925926
1093,8400,1390,304,2,0,4,136500,0.0004761904761904762
1094,9230,1200,0,1,1,1,146000,0.00010834236186348862
1095,5868,936,0,1,0,2,129000,0.00034083162917518747
1096,9317,1314,0,2,0,3,176432,0.0003219920575292476
1097,6882,773,582,1,1,3,127000,0.00043591979075850045
1098,3696,1088,0,1,1,2,170000,0.0005411255411255411
1099,6000,757,567,1,0,3,128000,0.0005
1100,11880,1601,0,2,0,3,157000,0.0002525252525252525
1101,8400,438,0,1,0,1,60000,0.00011904761904761905
1102,9758,950,0,1,0,3,119500,0.00030744004919040785
1103,7000,1134,0,1,0,2,135000,0.00028571428571428574
1104,8910,1194,0,1,0,3,159500,0.0003367003367003367
1105,2016,630,672,2,1,3,106000,0.001488095238095238
1106,12256,1500,1122,2,1,3,325000,0.00024477806788511747
1107,10357,1442,0,2,0,3,179900,0.0002896591677126581
1108,23257,887,1134,2,1,3,274725,0.00012899342133551188
1109,8063,948,742,2,1,3,181000,0.0003720699491504403
1110,11362,1836,0,2,0,3,280000,0.0002640380214750924
1111,8000,773,885,2,1,3,188000,0.000375
1112,10480,1098,866,2,1,4,205000,0.0003816793893129771
1113,7100,816,0,1,0,2,129900,0.00028169014084507044
1114,8923,1008,0,1,0,2,134500,0.0002241398632746834
1115,5400,833,0,1,0,2,117000,0.00037037037037037035
1116,12085,1734,0,2,0,3,318000,0.00024824162184526274
1117,7750,779,640,2,1,3,184100,0.0003870967741935484
1118,9764,894,0,1,0,3,130000,0.0003072511265874642
1119,13825,1021,580,1,0,3,140000,0.00021699819168173598
1120,7560,1040,0,1,0,3,133700,0.0003968253968253968
1121,8263,1012,0,1,0,2,118400,0.00024204284158296018
1122,10084,1552,0,2,0,3,212900,0.00029750099166997223
1123,8926,960,0,1,0,3,112000,0.00033609679587721263
1124,9405,698,0,1,0,2,118000,0.0002126528442317916
1125,9125,812,670,2,1,3,163900,0.00032876712328767124
1126,10434,1005,0,1,0,2,115000,0.00019168104274487253
1127,3684,1555,0,2,0,2,174000,0.0005428881650380022
1128,14572,1530,0,2,0,3,259000,0.00020587427944002197
1129,11796,847,1112,2,1,4,215000,0.00033909799932180403
1130,7200,936,0,1,0,2,140000,0.0002777777777777778
1131,7804,1328,653,2,0,4,135000,0.0005125576627370579
1132,10712,974,0,1,0,3,93500,0.00028005974607916355
1133,9900,1178,1032,2,0,5,117500,0.000505050505050505
1134,9828,1142,878,2,1,3,239500,0.00030525030525030525
1135,8773,916,684,2,1,3,169000,0.0003419582810897071
1136,6180,986,0,1,0,2,102000,0.00032362459546925567
1137,9600,1032,220,1,0,3,119000,0.0003125
1138,6342,780,240,1,0,2,94000,0.000315357931251971
1139,9819,1567,0,2,0,2,196000,0.00020368672980955292
1140,8731,1167,0,1,0,3,144000,0.0003436032527774596
1141,7350,952,0,1,0,2,139000,0.00027210884353741496
1142,10304,1088,780,2,1,4,197500,0.00038819875776397513
1143,9965,1466,1362,3,0,4,424870,0.00040140491721023583
1144,9000,1006,0,1,0,3,80000,0.0003333333333333333
1145,12180,672,252,1,0,2,80000,0.00016420361247947455
1146,6240,1042,534,1,0,3,149000,0.0004807692307692308
1147,11200,1298,0,2,0,3,180000,0.00026785714285714287
1148,12000,860,704,1,1,3,174500,0.00025
1149,5700,572,539,1,0,2,116900,0.0003508771929824561
1150,9000,832,650,1,0,3,143000,0.0003333333333333333
1151,8280,932,0,1,0,2,124000,0.00024154589371980676
1152,17755,1466,0,1,1,3,149900,0.00016896648831315122
1153,14115,1811,0,1,0,2,230000,0.00014169323414806942
1154,5890,816,0,1,0,2,120500,0.00033955857385398983
1155,13700,902,918,1,2,4,201800,0.00029197080291970805
1156,10768,1437,0,2,0,3,218000,0.0002786032689450223
1157,9350,1265,0,2,0,3,179900,0.00032085561497326203
1158,5001,1314,0,2,0,2,230000,0.0003999200159968006
1159,11932,1580,0,2,0,3,235128,0.00025142474019443513
1160,9120,943,933,2,1,4,185000,0.0004385964912280702
1161,2280,855,601,2,1,3,146000,0.0013157894736842105
1162,14778,1640,0,1,0,3,224000,0.00020300446609825416
1163,8724,894,0,1,0,3,129000,0.000343878954607978
1164,12900,1258,0,0,2,0,108959,0.0
1165,16157,1432,0,1,1,2,194000,0.00012378535619236245
1166,9541,1502,0,2,0,3,233170,0.00031443244942878104
1167,10475,1694,0,2,0,3,245350,0.0002863961813842482
1168,10852,959,712,2,1,3,173000,0.00027644673792849247
1169,13728,1236,872,2,0,4,235000,0.0002913752913752914
1170,35760,1831,1796,3,1,4,625000,0.00011185682326621924
1171,9880,1118,0,1,0,3,171000,0.0003036437246963563
1172,9120,1261,0,1,0,3,163000,0.0003289473684210526
1173,4017,625,625,2,1,2,171900,0.0004978839930296241
1174,18030,1636,971,3,0,3,200500,0.00016638935108153079
1175,16560,1170,1175,2,1,4,239000,0.00024154589371980676
1176,10678,2129,743,2,1,4,285000,0.00037460198539052256
1177,6951,923,0,1,0,3,119500,0.00043159257660768235
1178,3950,818,406,1,0,3,115000,0.0007594936708860759
1179,7681,820,523,1,1,3,154900,0.00039057414399166774
1180,8335,1124,0,1,0,3,93000,0.00035992801439712057
1181,11170,1298,1216,2,1,4,250000,0.00035810205908683976
1182,5587,1652,0,2,0,2,392500,0.00035797386790764276
1183,15623,2411,2065,3,1,4,745000,0.00025603277219484095
1184,10800,1130,0,1,0,2,120000,0.00018518518518518518
1185,35133,1572,0,1,1,3,186700,8.538980445734779e-05
1186,9738,949,272,1,0,4,104900,0.00041076196344218524
1187,10615,1014,685,2,0,3,95000,0.0002826189354686764
1188,12461,1624,0,2,0,2,262000,0.0001605007623786213
1189,8935,831,829,2,1,3,195000,0.0003357582540570789
1190,7500,1028,776,2,1,3,189000,0.0004
1191,32463,1622,0,1,0,3,168000,9.24129008409574e-05
1192,2645,764,677,2,1,2,174000,0.0007561436672967864
1193,9600,842,630,1,0,3,125000,0.0003125
1194,4500,1224,0,2,0,2,165000,0.00044444444444444447
1195,9364,663,689,1,1,4,158000,0.00042716787697565144
1196,8029,728,728,2,1,3,176000,0.0003736455349358575
1197,14054,879,984,2,1,4,219210,0.00028461647929415115
1198,8850,815,875,1,0,3,144000,0.00033898305084745765
1199,9100,1212,0,2,0,3,178000,0.00032967032967032967
1200,11235,1382,0,1,1,3,148000,0.000267022696929239
1201,9353,864,0,1,0,3,116050,0.00032075269966855556
1202,10400,866,913,2,1,3,197900,0.0002884615384615385
1203,6000,884,464,1,0,3,117000,0.0005
1204,9750,1630,0,2,0,3,213000,0.0003076923076923077
1205,10140,1074,0,1,1,3,153500,0.0002958579881656805
1206,14684,2196,0,2,0,3,271900,0.00020430400435848543
1207,8900,1056,0,1,0,2,107000,0.00022471910112359551
1208,9135,1700,0,2,0,3,200000,0.0003284072249589491
1209,7763,1283,0,1,0,3,140000,0.0003864485379363648
1210,10182,1660,0,2,0,3,290000,0.0002946375957572186
1211,11218,1055,790,2,1,3,189000,0.00026742734890354786
1212,12134,1080,672,2,0,4,164000,0.00032965221691115873
1213,9340,672,0,1,0,2,113000,0.00021413276231263382
1214,10246,960,0,0,0,0,145000,0.0
1215,10205,999,0,1,0,3,134500,0.0002939735423811857
1216,7094,894,0,1,0,3,125000,0.00042289258528333803
1217,8930,1318,584,2,0,4,112000,0.0004479283314669653
1218,8640,1314,0,2,0,3,229456,0.00034722222222222224
1219,6240,672,240,1,0,2,80500,0.0003205128205128205
1220,1680,672,546,1,1,3,91500,0.0017857142857142857
1221,7800,912,0,1,0,2,115000,0.0002564102564102564
1222,8250,1211,0,1,0,3,134000,0.0003636363636363636
1223,10496,1168,678,2,0,3,143000,0.0002858231707317073
1224,10680,2136,0,2,0,4,137900,0.0003745318352059925
1225,15384,788,702,2,1,3,184000,0.0001950078003120125
1226,10482,1138,0,1,0,3,145000,0.00028620492272467084
1227,14598,894,1039,2,1,4,214000,0.0002740101383751199
1228,8872,912,0,1,0,2,147000,0.0002254283137962128
1229,8769,1702,0,1,1,1,367294,0.00011403808872163302
1230,7910,1507,0,2,0,4,127000,0.0005056890012642225
1231,18890,1361,1259,2,2,4,190000,0.00021175224986765483
1232,7728,1190,0,1,0,3,132500,0.00038819875776397513
1233,9842,1224,0,2,0,2,101800,0.000203210729526519
1234,12160,1188,0,1,0,3,142000,0.0002467105263157895
1235,8525,1024,940,1,1,4,130000,0.000469208211143695
1236,13132,892,892,1,1,4,138887,0.0003045994517209869
1237,2628,764,862,2,1,2,175500,0.00076103500761035
1238,12393,847,1101,2,1,4,195000,0.00032276284999596547
1239,13072,1141,0,1,1,3,142500,0.0002294981640146879
1240,9037,1484,0,2,0,2,265900,0.00022131238242779683
1241,8158,884,884,2,1,3,224900,0.00036773719048786466
1242,9849,1689,0,2,0,3,248328,0.0003045994517209869
1243,10625,1173,0,2,0,3,170000,0.00028235294117647056
1244,13891,2076,0,2,1,2,465000,0.0001439781153264704
1245,11435,792,725,1,0,3,230000,0.0002623524267599475
1246,12090,1140,728,3,1,3,178000,0.00024813895781637717
1247,8125,756,797,2,1,3,186500,0.0003692307692307692
1248,12328,1034,0,1,0,3,169900,0.00024334847501622324
1249,9600,1134,924,1,1,3,129500,0.0003125
1250,7200,988,0,1,0,3,119000,0.0004166666666666667
1251,11160,2110,0,2,1,3,244000,0.00026881720430107527
1252,3136,1405,0,2,0,2,171750,0.0006377551020408163
1253,9858,874,0,1,0,3,130000,0.00030432136335970786
1254,17542,1516,651,2,1,3,294000,0.00017101812792155968
1255,6931,760,896,2,1,3,165400,0.0004328379743182802
1256,6240,959,408,1,0,3,127500,0.0004807692307692308
1257,14303,1987,0,2,0,2,301500,0.0001398308047262812
1258,4060,864,0,1,0,2,99900,0.0004926108374384236
1259,9587,1166,0,2,0,2,190000,0.00020861583394179617
1260,9750,1054,0,1,1,3,151000,0.0003076923076923077
1261,24682,892,783,2,1,3,181000,0.00012154606595899845
1262,9600,1050,0,1,0,2,128900,0.00020833333333333335
1263,11250,1104,684,1,0,5,161500,0.00044444444444444447
1264,13515,1060,764,1,0,3,180500,0.00022197558268590456
1265,4060,1337,0,2,0,2,181000,0.0004926108374384236
1266,3735,713,739,2,1,3,183900,0.0008032128514056225
1267,10120,964,925,1,1,4,122000,0.0003952569169960474
1268,13214,2018,0,2,0,3,378500,0.00022703193582563946
1269,14100,1968,1479,3,1,4,381000,0.00028368794326241134
1270,11344,874,650,1,1,3,144000,0.00026445698166431596
1271,23595,1332,192,0,1,0,260000,0.0
1272,9156,1489,0,2,0,3,185750,0.000327653997378768
1273,13526,935,0,1,0,3,137000,0.00022179506136330032
1274,11512,1357,0,1,0,2,177000,0.00017373175816539263
1275,5362,661,589,2,0,3,139000,0.0005594927265945542
1276,11345,928,992,2,0,4,137000,0.00035257822829440284
1277,12936,735,660,1,1,3,162000,0.00023191094619666049
1278,17871,1724,0,1,1,3,197900,0.00016786973308712439
1279,9473,1128,903,2,1,3,237000,0.0003166895386889053
1280,7500,698,430,1,0,2,68400,0.0002666666666666667
1281,9808,1573,0,2,0,3,227000,0.0003058727569331158
1282,8049,1339,0,2,0,2,180000,0.00024847807181016274
1283,8800,1040,0,2,0,3,150500,0.00034090909090909094
1284,9400,912,912,2,2,4,139000,0.000425531914893617
1285,9638,1699,748,2,0,4,169000,0.0004150238638721727
1286,6000,825,587,1,0,4,132500,0.0006666666666666666
1287,9790,1328,0,1,1,3,143000,0.00030643513789581204
1288,36500,1582,0,2,0,4,190000,0.00010958904109589041
1289,5664,1659,0,2,0,2,278000,0.00035310734463276836
1290,11065,1120,850,2,1,3,281000,0.0002711251694532309
1291,14112,1152,0,1,0,3,180500,0.00021258503401360543
1292,1680,630,672,2,1,3,119500,0.0017857142857142857
1293,6600,1378,994,2,0,4,107500,0.0006060606060606061
1294,10140,832,832,2,1,4,162900,0.0003944773175542406
1295,8172,864,0,1,0,2,115000,0.0002447381302006853
1296,8400,1052,0,1,1,3,138500,0.00035714285714285714
1297,8700,1128,0,2,0,3,155000,0.0003448275862068965
1298,3675,1072,0,2,0,2,140000,0.0005442176870748299
1299,63887,4692,950,2,1,3,160000,4.69579100599496e-05
1300,7500,1246,0,1,1,3,154000,0.0004
1301,10762,1005,978,2,1,3,225000,0.0002787585950566809
1302,7500,753,741,1,0,3,177500,0.0004
1303,10120,1203,1323,2,1,4,290000,0.0003952569169960474
1304,8688,1616,0,2,0,3,232000,0.0003453038674033149
1305,3363,976,732,2,0,3,130000,0.0008920606601248885
1306,13173,1652,0,2,0,2,325000,0.00015182570409170274
1307,6955,1368,0,2,0,2,202500,0.0002875629043853343
1308,8072,990,0,1,0,3,138000,0.00037165510406342913
1309,12000,1122,0,1,0,2,147000,0.00016666666666666666
1310,7153,1294,0,2,0,3,179200,0.00041940444568712426
1311,17500,1902,0,2,0,3,335000,0.00017142857142857143
1312,8814,1274,0,2,0,3,203000,0.0003403675970047651
1313,9572,1453,1357,2,1,4,302000,0.0004178854993731718
1314,14774,1422,1177,2,1,4,333168,0.0002707459049681874
1315,8190,948,0,1,0,3,119000,0.0003663003663003663
1316,11075,1092,1020,2,1,4,206900,0.00036117381489841985
1317,10226,1630,0,2,0,3,295493,0.0002933698415802855
1318,4230,1352,0,2,0,2,208900,0.00047281323877068556
1319,14781,1787,0,2,0,3,275000,0.00020296326364927948
1320,10215,948,0,1,0,3,111000,0.0002936857562408223
1321,8400,1478,0,1,1,3,156500,0.00035714285714285714
1322,6627,720,0,1,0,2,72500,0.0003017956843217142
1323,10186,1061,862,2,1,3,190000,0.00029452189279403104
1324,5330,708,0,1,0,2,82500,0.000375234521575985
1325,9986,1795,0,2,0,2,147000,0.0002002803925495694
1326,3636,796,0,1,0,2,55000,0.00055005500550055
1327,4270,774,0,1,0,3,79000,0.000702576112412178
1328,6600,816,0,1,0,3,130500,0.00045454545454545455
1329,10440,1584,1208,2,0,5,256000,0.0004789272030651341
1330,9084,955,677,2,1,3,176500,0.00033025099075297226
1331,10000,1588,0,2,0,3,227000,0.0003
1332,10780,954,0,1,0,3,132500,0.0002782931354359926
1333,8877,816,0,1,0,2,100000,0.00022530134054297624
1334,7200,803,557,1,1,2,125500,0.0002777777777777778
1335,2368,765,600,1,1,3,125000,0.001266891891891892
1336,9650,1334,0,2,0,2,167900,0.0002072538860103627
1337,9246,1656,0,2,0,4,135000,0.00043261951113995244
1338,4118,693,0,1,0,2,52500,0.00048567265662943174
1339,13450,920,941,2,1,3,200000,0.00022304832713754646
1340,9560,864,0,1,0,3,128500,0.00031380753138075313
1341,8294,872,0,1,0,3,123000,0.0003617072582589824
1342,13695,1114,0,1,0,3,155000,0.0002190580503833516
1343,9375,1284,885,2,1,3,228500,0.00032
1344,7558,1172,741,1,1,3,177000,0.00039693040486901297
1345,11103,728,728,2,1,3,155835,0.0002701972439881113
1346,6000,960,0,1,0,2,108500,0.0003333333333333333
1347,20781,2156,0,2,0,3,262500,0.00014436263894903998
1348,15306,1776,0,2,0,3,283463,0.0001960015680125441
1349,16196,1494,0,2,0,3,215000,0.00018523092121511484
1350,5250,938,1215,2,0,4,122000,0.0007619047619047619
1351,11643,1338,1296,2,2,6,200000,0.000515331100231899
1352,9247,858,858,1,1,4,171000,0.00043257272628960744
1353,6000,786,390,1,0,2,134900,0.0003333333333333333
1354,14720,2053,1185,2,1,4,410000,0.0002717391304347826
1355,10316,992,873,2,1,3,235000,0.0002908103916246607
1356,10192,1222,698,3,0,4,170000,0.0003924646781789639
1357,9477,892,0,1,0,3,110000,0.00031655587211142766
1358,12537,1078,0,1,1,3,149900,0.00023929169657812874
1359,2117,769,804,2,1,3,177500,0.0014170996693434106
1360,16737,1980,0,2,0,3,315000,0.0001792435920415845
1361,9842,990,1611,3,1,4,189000,0.000406421459053038
1362,16158,1530,0,2,0,3,260000,0.0001856665428889714
1363,12513,1281,457,2,0,4,104900,0.0003196675457524175
1364,8499,616,796,2,1,3,156932,0.00035298270384751147
1365,3180,520,600,2,1,2,144152,0.0006289308176100629
1366,7500,814,860,2,1,3,216000,0.0004
1367,9179,882,908,2,1,3,193000,0.00032683298834295673
1368,2665,925,550,2,0,4,127000,0.00150093808630394
1369,4435,848,0,1,0,1,144000,0.00022547914317925591
1370,10635,1668,0,2,0,3,232000,0.00028208744710860365
1371,5400,840,534,1,0,2,105000,0.00037037037037037035
1372,9600,1661,0,1,0,3,165500,0.0003125
1373,9750,1108,989,2,1,3,274300,0.0003076923076923077
1374,11400,2633,0,2,1,2,466500,0.00017543859649122806
1375,10625,1026,932,2,1,3,250000,0.00028235294117647056
1376,10991,1571,0,2,0,3,239000,0.00027295059594213445
1377,6292,790,0,1,0,2,91000,0.0003178639542275906
1378,10998,984,620,2,0,3,117000,0.00027277686852154935
1379,1953,483,504,1,1,2,83000,0.0010240655401945725
1380,9735,754,640,2,1,3,167500,0.0003081664098613251
1381,8212,864,0,1,0,2,58500,0.00024354603019970775
1382,12925,2117,0,2,1,4,237500,0.0003094777562862669
1383,7200,998,764,1,1,4,157000,0.0005555555555555556
1384,25339,1416,0,2,0,3,112000,0.00011839456963573938
1385,9060,698,560,1,0,2,105000,0.0002207505518763797
1386,5436,796,358,1,0,3,125500,0.0005518763796909492
1387,16692,1392,1392,3,1,5,250000,0.00029954469206805657
1388,8520,1664,862,2,0,5,136000,0.0005868544600938967
1389,14892,1746,0,2,0,3,377500,0.000201450443190975
1390,6000,869,349,1,0,3,131000,0.0005
1391,9100,1525,0,2,0,3,235000,0.00032967032967032967
1392,8944,1584,0,2,0,4,124000,0.0004472271914132379
1393,7838,900,0,1,0,3,123000,0.0003827507017096198
1394,10800,1221,691,2,0,3,163000,0.0002777777777777778
1395,4045,1500,0,2,0,2,246578,0.0004944375772558715
1396,12665,1133,1349,2,1,4,281213,0.0003158310303987367
1397,57200,1687,0,1,0,3,160000,5.244755244755245e-05
1398,6120,939,574,1,1,4,137500,0.00065359477124183
1399,7200,1136,768,1,1,3,138000,0.0004166666666666667
1400,6171,1160,448,2,1,3,137450,0.0004861448711716091
1401,6000,950,208,1,0,3,120000,0.0005
1402,7415,864,729,2,1,3,193000,0.00040458530006743087
1403,6762,1294,0,2,0,2,193879,0.0002957704821058858
1404,15256,1464,0,2,0,3,282922,0.0001966439433665443
1405,10410,694,520,1,0,3,105000,0.00028818443804034583
1406,3842,1646,0,2,0,2,275000,0.0005205622071837585
1407,8445,768,0,1,0,2,133000,0.00023682652457075192
1408,8780,833,0,1,0,3,112000,0.0003416856492027335
1409,7740,741,622,1,0,3,125500,0.0003875968992248062
1410,20544,1236,857,2,1,3,215000,0.00014602803738317756
1411,12420,944,896,2,1,3,230000,0.00024154589371980676
1412,9600,1112,556,1,1,3,140000,0.0003125
1413,7200,1040,0,2,0,2,90000,0.0002777777777777778
1414,10994,1844,0,2,0,2,257000,0.00018191740949608878
1415,13053,1053,795,1,1,4,207000,0.00030644296330345516
1416,3635,1569,0,2,0,1,175900,0.0002751031636863824
1417,11340,1246,1044,2,0,4,122500,0.0003527336860670194
1418,16545,1310,1140,2,1,3,340000,0.00018132366273798732
1419,9204,1144,0,1,1,3,124000,0.0003259452411994785
1420,16381,1844,0,2,0,3,223000,0.0001831390025028997
1421,11700,708,708,2,1,3,179900,0.0002564102564102564
1422,4043,1069,0,2,0,2,127500,0.0004946821667078902
1423,4435,848,0,1,0,1,136500,0.00022547914317925591
1424,19690,1575,626,2,0,4,274970,0.00020314880650076182
1425,9503,1344,0,1,0,2,144000,0.0002104598547827002
1426,10721,1252,0,1,0,3,142000,0.0002798246432235799
1427,10944,1223,904,2,1,3,271000,0.00027412280701754384
1428,10930,1048,510,1,1,3,140000,0.0002744739249771272
1429,7200,804,0,1,0,2,119000,0.0002777777777777778
1430,12546,1440,0,2,0,3,182900,0.00023912003825920613
1431,21930,734,1104,2,1,4,192140,0.0001823985408116735
1432,4928,958,0,2,0,2,143750,0.00040584415584415587
1433,10800,968,0,2,0,4,64500,0.00037037037037037035
1434,10261,962,830,2,1,3,186500,0.00029236916479875256
1435,17400,1126,0,2,0,3,160000,0.00017241379310344826
1436,8400,1537,0,1,1,3,174000,0.00035714285714285714
1437,9000,864,0,1,0,3,120500,0.0003333333333333333
1438,12444,1932,0,2,0,2,394617,0.0001607200257152041
1439,7407,1236,0,1,0,2,149700,0.0002700148508167949
1440,11584,1040,685,2,1,3,197000,0.0002589779005524862
1441,11526,1423,748,2,0,3,191000,0.0002602811035918792
1442,4426,848,0,1,0,1,149300,0.00022593764121102577
1443,11003,1026,981,2,1,3,310000,0.0002726529128419522
1444,8854,952,0,1,0,2,121000,0.00022588660492432798
1445,8500,1422,0,2,0,3,179600,0.00035294117647058826
1446,8400,913,0,1,0,3,129000,0.00035714285714285714
1447,26142,1188,0,1,0,3,157900,0.00011475786091347258
1448,10000,1220,870,2,1,3,240000,0.0003
1449,11767,796,550,1,1,2,112000,0.0001699668564629897
1450,1533,630,0,1,0,1,92000,0.0006523157208088715
1451,9000,896,896,2,2,4,136000,0.00044444444444444447
1452,9262,1578,0,2,0,3,287090,0.0003239041243791838
1453,3675,1072,0,1,0,2,145000,0.0005442176870748299
1454,17217,1140,0,1,0,3,84500,0.00017424638438752395
1455,7500,1221,0,2,0,2,185000,0.0002666666666666667
1456,7917,953,694,2,1,3,175000,0.00037893141341417203
1457,13175,2073,0,2,0,3,210000,0.00022770398481973433
1458,9042,1188,1152,2,0,4,266500,0.00044238000442380006
1459,9717,1078,0,1,0,2,142125,0.00020582484305855717
1460,9937,1256,0,1,1,3,147500,0.000301901982489685
